github.com.,suffix
githubassets.com.,suffix
githubusercontent.com.,suffix
notion.com.,suffix
notion.so.,suffix
notion.site.,suffix
notionusercontent.com.,suffix
secure.notion-static.com.,fqdn
jetbrains.com.,suffix
api.jetbrains.ai.,fqdn
framer.com.,suffix
framer.app.,suffix
framerstatic.com.,suffix
framercanvas.com.,suffix
framerusercontent.com.,suffix
framercdn.com.,suffix
spotify.com.,suffix
accounts.spotify.com.,fqdn
api.spotify.com.,fqdn
i.scdn.co.,fqdn
twitch.tv.,suffix
id.twitch.tv.,fqdn
api.twitch.tv.,fqdn
static-cdn.jtvnw.net.,fqdn
